{
  "etf:1f5de4cf38": {
    "annualized_return": 0.04457762082305905,
    "exposure": 0.09840242955633002,
    "max_drawdown": -7.902227616796154e-05,
    "regime_counts": {
      "not_evaluated_in_research_backtester": 241
    },
    "risk_rejection_count": 0,
    "risk_rejections": [],
    "score": 11.644504952560732,
    "sharpe": 11.674532638539317,
    "total_return": 0.029091924521819745,
    "trade_count": 6,
    "turnover": 0.22227557412621107
  },
  "etf:3427d03b4a": {
    "annualized_return": 0.04457762082305905,
    "exposure": 0.09840242955633002,
    "max_drawdown": -7.902227616796154e-05,
    "regime_counts": {
      "not_evaluated_in_research_backtester": 241
    },
    "risk_rejection_count": 0,
    "risk_rejections": [],
    "score": 11.644504952560732,
    "sharpe": 11.674532638539317,
    "total_return": 0.029091924521819745,
    "trade_count": 6,
    "turnover": 0.22227557412621107
  },
  "etf:3797956478": {
    "annualized_return": 0.04457762082305905,
    "exposure": 0.09840242955633002,
    "max_drawdown": -7.902227616796154e-05,
    "regime_counts": {
      "not_evaluated_in_research_backtester": 241
    },
    "risk_rejection_count": 0,
    "risk_rejections": [],
    "score": 11.644504952560732,
    "sharpe": 11.674532638539317,
    "total_return": 0.029091924521819745,
    "trade_count": 6,
    "turnover": 0.22227557412621107
  },
  "etf:3d79b50dc4": {
    "annualized_return": 0.04457762082305905,
    "exposure": 0.09840242955633002,
    "max_drawdown": -7.902227616796154e-05,
    "regime_counts": {
      "not_evaluated_in_research_backtester": 241
    },
    "risk_rejection_count": 0,
    "risk_rejections": [],
    "score": 11.644504952560732,
    "sharpe": 11.674532638539317,
    "total_return": 0.029091924521819745,
    "trade_count": 6,
    "turnover": 0.22227557412621107
  },
  "etf:52db110776": {
    "annualized_return": 0.06781431329074628,
    "exposure": 0.14775083433125802,
    "max_drawdown": 0.0,
    "regime_counts": {
      "not_evaluated_in_research_backtester": 241
    },
    "risk_rejection_count": 0,
    "risk_rejections": [],
    "score": 16.977107892947373,
    "sharpe": 17.000978482052957,
    "total_return": 0.044087565518937666,
    "trade_count": 8,
    "turnover": 0.22957185932525515
  },
  "etf:78ea7599ea": {
    "annualized_return": 0.09152977772034765,
    "exposure": 0.19695344593926326,
    "max_drawdown": 0.0,
    "regime_counts": {
      "not_evaluated_in_research_backtester": 241
    },
    "risk_rejection_count": 0,
    "risk_rejections": [],
    "score": 11.763814212965745,
    "sharpe": 11.821154118070648,
    "total_return": 0.05927738821471573,
    "trade_count": 10,
    "turnover": 0.434892996061311
  },
  "etf:96734d3fa2": {
    "annualized_return": 0.09152977772034765,
    "exposure": 0.19695344593926326,
    "max_drawdown": 0.0,
    "regime_counts": {
      "not_evaluated_in_research_backtester": 241
    },
    "risk_rejection_count": 0,
    "risk_rejections": [],
    "score": 11.763814212965745,
    "sharpe": 11.821154118070648,
    "total_return": 0.05927738821471573,
    "trade_count": 10,
    "turnover": 0.434892996061311
  },
  "etf:9979bf0f2e": {
    "annualized_return": 0.04457762082305905,
    "exposure": 0.09840242955633002,
    "max_drawdown": -7.902227616796154e-05,
    "regime_counts": {
      "not_evaluated_in_research_backtester": 241
    },
    "risk_rejection_count": 0,
    "risk_rejections": [],
    "score": 11.644504952560732,
    "sharpe": 11.674532638539317,
    "total_return": 0.029091924521819745,
    "trade_count": 6,
    "turnover": 0.22227557412621107
  },
  "etf:a32ef32054": {
    "annualized_return": 0.06781431329074628,
    "exposure": 0.14775083433125802,
    "max_drawdown": 0.0,
    "regime_counts": {
      "not_evaluated_in_research_backtester": 241
    },
    "risk_rejection_count": 0,
    "risk_rejections": [],
    "score": 16.977107892947373,
    "sharpe": 17.000978482052957,
    "total_return": 0.044087565518937666,
    "trade_count": 8,
    "turnover": 0.22957185932525515
  },
  "etf:ac642c4d62": {
    "annualized_return": 0.14056036043219922,
    "exposure": 0.29572665089564293,
    "max_drawdown": -0.00015032721757579637,
    "regime_counts": {
      "not_evaluated_in_research_backtester": 241
    },
    "risk_rejection_count": 0,
    "risk_rejections": [],
    "score": 16.84349835057303,
    "sharpe": 16.88866888652351,
    "total_return": 0.09032814082372531,
    "trade_count": 14,
    "turnover": 0.4505455776798957
  },
  "etf:bef91878cf": {
    "annualized_return": 0.09152977772034765,
    "exposure": 0.19695344593926326,
    "max_drawdown": 0.0,
    "regime_counts": {
      "not_evaluated_in_research_backtester": 241
    },
    "risk_rejection_count": 0,
    "risk_rejections": [],
    "score": 11.763814212965745,
    "sharpe": 11.821154118070648,
    "total_return": 0.05927738821471573,
    "trade_count": 10,
    "turnover": 0.434892996061311
  },
  "etf:bfe337bfc3": {
    "annualized_return": 0.04457762082305905,
    "exposure": 0.09840242955633002,
    "max_drawdown": -7.902227616796154e-05,
    "regime_counts": {
      "not_evaluated_in_research_backtester": 241
    },
    "risk_rejection_count": 0,
    "risk_rejections": [],
    "score": 11.644504952560732,
    "sharpe": 11.674532638539317,
    "total_return": 0.029091924521819745,
    "trade_count": 6,
    "turnover": 0.22227557412621107
  },
  "etf:c919607950": {
    "annualized_return": 0.09152977772034765,
    "exposure": 0.19695344593926326,
    "max_drawdown": 0.0,
    "regime_counts": {
      "not_evaluated_in_research_backtester": 241
    },
    "risk_rejection_count": 0,
    "risk_rejections": [],
    "score": 11.763814212965745,
    "sharpe": 11.821154118070648,
    "total_return": 0.05927738821471573,
    "trade_count": 10,
    "turnover": 0.434892996061311
  },
  "etf:cc07dfe0f9": {
    "annualized_return": 0.14056036043219922,
    "exposure": 0.29572665089564293,
    "max_drawdown": -0.00015032721757579637,
    "regime_counts": {
      "not_evaluated_in_research_backtester": 241
    },
    "risk_rejection_count": 0,
    "risk_rejections": [],
    "score": 16.84349835057303,
    "sharpe": 16.88866888652351,
    "total_return": 0.09032814082372531,
    "trade_count": 14,
    "turnover": 0.4505455776798957
  },
  "etf:d1603f5943": {
    "annualized_return": 0.09152977772034765,
    "exposure": 0.19695344593926326,
    "max_drawdown": 0.0,
    "regime_counts": {
      "not_evaluated_in_research_backtester": 241
    },
    "risk_rejection_count": 0,
    "risk_rejections": [],
    "score": 11.763814212965745,
    "sharpe": 11.821154118070648,
    "total_return": 0.05927738821471573,
    "trade_count": 10,
    "turnover": 0.434892996061311
  },
  "etf:dd6247e261": {
    "annualized_return": 0.09152977772034765,
    "exposure": 0.19695344593926326,
    "max_drawdown": 0.0,
    "regime_counts": {
      "not_evaluated_in_research_backtester": 241
    },
    "risk_rejection_count": 0,
    "risk_rejections": [],
    "score": 11.763814212965745,
    "sharpe": 11.821154118070648,
    "total_return": 0.05927738821471573,
    "trade_count": 10,
    "turnover": 0.434892996061311
  },
  "main_board:0932d28279": {
    "annualized_return": 0.0,
    "exposure": 0.0,
    "max_drawdown": 0.0,
    "regime_counts": {
      "not_evaluated_in_research_backtester": 241
    },
    "risk_rejection_count": 0,
    "risk_rejections": [],
    "score": 0.0,
    "sharpe": 0.0,
    "total_return": 0.0,
    "trade_count": 0,
    "turnover": 0.0
  },
  "main_board:0bce1e81a0": {
    "annualized_return": 0.0,
    "exposure": 0.0,
    "max_drawdown": 0.0,
    "regime_counts": {
      "not_evaluated_in_research_backtester": 241
    },
    "risk_rejection_count": 0,
    "risk_rejections": [],
    "score": 0.0,
    "sharpe": 0.0,
    "total_return": 0.0,
    "trade_count": 0,
    "turnover": 0.0
  },
  "main_board:4f3ea9e154": {
    "annualized_return": 0.0,
    "exposure": 0.0,
    "max_drawdown": 0.0,